area_id,avg_sale_price,avg_sale_value,transaction_count,parking_score,metro_score,mall_score,avg_rent,contract_count,rental_yield,avg_sale_price_norm,transaction_count_norm,parking_score_norm,rental_yield_norm,avg_rent_norm,contract_count_norm,metro_score_norm,mall_score_norm,hotspot_score_raw,hotspot_score,rank
230.0,5143.045254582485,1593336.6523560209,1473,0.0,0.9355057705363204,0.0,25100.18510046915,11297,0.015753221432114946,0.05153593678446684,0.010776146063631972,0.0,0.10713936975002754,0.0031768906968791238,0.09007615326342651,0.9355057705363204,0.0,0.13603489583870182,21.653838321040055,129
231.0,9686.377121418824,11889334.822894167,733,0.0,0.961800818553888,0.1568894952251023,75793.5721909734,5938,0.006374921164220633,0.09735916376711083,0.0053587900262082894,0.0,0.04330416637534567,0.009859302021511656,0.04734260994378215,0.961800818553888,0.1568894952251023,0.15000302119789127,23.895051925495835,128
232.0,7309.10610329582,2817807.366696061,9952,0.235128617363344,0.9718649517684887,0.9718649517684887,199651.9618891688,397,0.0708536588586128,0.07338243641028541,0.07284879720054467,0.23529843202663905,0.48219108793778026,0.02618633703482225,0.003157768828994059,0.9718649517684887,0.9718649517684887,0.33993775960429173,54.37045995117784,45
233.0,9927.209537755823,2645607.486124876,2834,0.0,0.9823570924488356,0.5247000705716302,22897.68791705164,48705,0.008654983037786446,0.09978815614584136,0.020739688721650388,0.0,0.0588238457680179,0.002886557125467453,0.38837366931143097,0.9823570924488356,0.5247000705716302,0.2420751400127807,38.66820723249929,104
234.0,7744.678113522538,6808328.536585365,599,0.0,0.8146911519198664,0.7161936560934892,71716.0203951536,19891,0.01053357222845211,0.07777553726157843,0.004377809338350488,0.0,0.07161082417754445,0.009321798416780814,0.15860611618356527,0.8146911519198664,0.7161936560934892,0.21680415950645654,34.613427950936696,117
235.0,30255.37809055118,5937076.446351931,508,0.0,0.9488188976377953,0.9488188976377953,69894.82842036797,10762,0.011772600378645153,0.3048144031905726,0.0037116209607754138,0.0,0.08004450743519169,0.009081728565955694,0.08580997567880069,0.9488188976377953,0.9488188976377953,0.28596076959741823,45.70974412710404,70
237.0,59948.42462962963,16704426.733333332,108,0.0,0.9351851851851852,0.9351851851851852,88375.57874232745,7983,0.005290548436838951,0.6042931230477362,0.0007833204000058566,0.0,0.035923174979352525,0.011517864368416234,0.06364977472987521,0.9351851851851852,0.9351851851851852,0.318762602339925,50.972863687040125,53
238.0,35696.91815580286,5933347.877675841,629,0.0,0.920508744038156,0.920508744038156,85930.24218925954,16517,0.014482589586997113,0.35969679630063356,0.004597431880408205,0.0,0.09849056986833472,0.011195519668000276,0.13170128782743912,0.920508744038156,0.920508744038156,0.2965766086234729,47.413076695797926,63
239.0,18048.030579514823,5443278.320359281,742,0.0,0.9407008086253368,0.738544474393531,25303.209192815044,17815,0.004648523868084136,0.18169329466284653,0.0054246767888256045,0.0,0.03155311134870615,0.0032036533689302794,0.1420517523224752,0.9407008086253368,0.738544474393531,0.23994834624654254,38.32695892607364,107
240.0,16846.226943078003,6889781.430136986,1423,0.6219255094869993,0.9711876317638792,0.9711876317638792,101480.38169309006,85341,0.014729114808954452,0.16957211962322552,0.010410108493535776,0.6223746767222446,0.10016859117615201,0.013245341829902679,0.680515130975639,0.9711876317638792,0.9711876317638792,0.4036855212677513,64.59891559714299,28
242.0,53096.63440860215,7278755.355769231,465,0.0,0.9612903225806452,0.9612903225806452,102895.65253290597,14663,0.014136435077646841,0.5351872008439438,0.0033968286504926864,0.0,0.09613440266615159,0.0134319030843425,0.116917188309876,0.9612903225806452,0.9612903225806452,0.3303929554972547,52.83897707380781,47
244.0,21805.007472055036,17163606.701149426,1163,0.0,0.9570077386070508,0.9570077386070508,98351.25282151838,33404,0.005730220607707815,0.21958548699245875,0.008506713129035564,0.0,0.03891588811967337,0.012832859504145004,0.26636099039113276,0.9570077386070508,0.9570077386070508,0.2916703189022822,46.62585271349739,66
247.0,8806.792591836735,9536278.74566474,490,0.0,0.9061224489795918,0.9061224489795918,32240.65843501326,66352,0.003380842705512367,0.08848783260953724,0.0035798474355407837,0.0,0.022924395854913227,0.004118149164947282,0.5290937362944061,0.9061224489795918,0.9061224489795918,0.2879374656050466,46.02690894845608,68
248.0,4936.2305,26391287.695652176,180,0.0,0.9888888888888888,0.9888888888888888,139949.73483568075,3408,0.005302876329855505,0.04945004041581964,0.0013104145009443769,0.0,0.0360070871527116,0.018316378820040773,0.027167975758542323,0.9888888888888888,0.9888888888888888,0.2433874723659971,38.87877357894614,101
249.0,10751.648438893844,4574787.477537437,1121,0.0,0.9634255129348795,0.9571810883140054,34666.58276958265,38912,0.00757774714996014,0.1081032984263183,0.008199241570154761,0.0,0.05149143264222896,0.004437934943259672,0.3102826841035047,0.9634255129348795,0.9571810883140054,0.28165049597344216,45.01815211768477,71
254.0,65206.17465045593,13441685.915384617,329,0.0,0.945288753799392,0.945288753799392,88030.51626842657,16213,0.006549068087335062,0.657321842869185,0.002401206459831037,0.0,0.044489530880270044,0.01147237817158381,0.1292771420597265,0.945288753799392,0.945288753799392,0.3385613949162787,54.149619488757594,46
255.0,20029.181431334626,8833223.89180328,517,0.6518375241779497,0.9187620889748548,0.9187620889748548,134068.76155146188,11834,0.015177783694113078,0.20167482536115586,0.003777507723392729,0.6523082944777653,0.10322254218154282,0.017541147873168673,0.09435827917547147,0.9187620889748548,0.9187620889748548,0.32838557216387965,52.516888409765414,49
264.0,2525.0311611972597,5546700.619243421,2773,0.0504868373602596,0.9693472773169852,0.9693472773169852,75324.11758530184,3048,0.013579986149599719,0.02513111812690133,0.020293122886133032,0.05052329997966894,0.09234682608245928,0.009797418431690762,0.02429727682309318,0.9693472773169852,0.9693472773169852,0.24959884954151312,39.87540144920034,93
266.0,16389.28717609489,3891244.288209607,4384,0.4979470802919708,0.8517335766423357,0.8517335766423357,89294.67039393939,990,0.022947587912817622,0.16496350742548974,0.03208685339463242,0.49830670778745284,0.15610920802870368,0.01163901919380089,0.007886447908775567,0.8517335766423357,0.8517335766423357,0.29426600709506046,47.042336066916945,64
267.0,18039.81580348944,12243950.902050111,1089,0.0,0.9449035812672176,0.9449035812672176,86545.36878717839,16441,0.007068418476971134,0.18161044191128542,0.007964977525293196,0.0,0.04802458913156473,0.01127660576581175,0.13109525138551095,0.9449035812672176,0.9449035812672176,0.2678873285511362,42.80982442344759,78
269.0,17189.292375979112,11518845.50617284,766,0.0,0.9530026109660574,0.9530026109660574,109504.58701104432,7153,0.009506559225259325,0.17303221579548095,0.005600374822471778,0.0,0.0646202627693444,0.01430309400558869,0.057031218850923014,0.9530026109660574,0.9530026109660574,0.2620097246423251,41.866751140291264,84
271.0,19557.963553791884,10649280.378600825,1134,0.0,0.9691358024691358,0.9691358024691358,90580.7618978372,32458,0.008505810597292052,0.19692220671171598,0.008294411338379772,0.0,0.057808474879387214,0.011808552005148,0.25881743152186915,0.9691358024691358,0.9691358024691358,0.29278790035166097,46.805170888558536,65
276.0,11594.309024911032,4392093.4587688735,1405,0.0,0.9750889679715302,0.9750889679715302,88856.59539232533,3492,0.02023103475062033,0.11660222133887259,0.010278334968301146,0.0,0.13761846678205614,0.011581272068981675,0.027837805510147123,0.9750889679715302,0.9750889679715302,0.2663090763049997,42.55659069921152,80
278.0,18247.796343984963,22980673.61403509,1064,0.0,0.9454887218045112,0.9454887218045112,192764.26369206945,25181,0.008388103278850001,0.1837080961867006,0.007781958740245098,0.0,0.057007277391910756,0.025278399430440527,0.20078944220724854,0.9454887218045112,0.9454887218045112,0.27981916552450753,44.724311490480915,73
288.0,33.303333333333335,4810326.333333333,3,0.0,0.0,0.0,25847.23833333333,12,0.005373281674098479,0.0,1.4641502803847785e-05,0.0,0.03648631466089884,0.0032753673872309126,8.771580080539054e-05,0.0,0.0,0.005937872509674447,0.7795111592786098,157
294.0,105.46,4683899.867924528,64,0.0,0.0,0.0,28000.0,6,0.005977924547820664,0.0007277591450258799,0.0004612073383212053,0.0,0.040601932599177326,0.003559144813956909,3.987081854790479e-05,0.0,0.0,0.006761210735560022,0.9116174216060204,155
295.0,131.02234042553192,3606008.411764706,47,0.0,0.0,0.0,36946.61038961039,77,0.010245846978357292,0.0009855763069367071,0.0003367545644884991,0.0,0.06965236695916006,0.004738488590648569,0.0006060364419281528,0.0,0.0,0.01139646096972694,1.6553525770209323,150
296.0,2723.5998007590133,3183118.354083665,2108,0.0,0.0,0.0,7587092.0,3,0.14692716065679484,0.027133845664524286,0.015424823203853643,0.0,1.0,1.0,1.5948327419161916e-05,0.0,0.0,0.2789437795772618,44.58385406733602,75
297.0,10518.354220072551,11822111.825,827,0.0,0.94316807738815,0.94316807738815,81357.71993243243,148,0.006881826287616971,0.10575033495014796,0.006046940657989135,0.0,0.04675451352987741,0.01059276896884884,0.0011722020653084008,0.94316807738815,0.94316807738815,0.2397138163608737,38.289328137625226,108
299.0,1033.4541244119184,6515899.595744681,1913,0.0,0.7543125980135912,0.7543125980135912,17626.76056338028,71,0.0027051921694575738,0.010087340757781334,0.013997276680478484,0.0,0.018325450614598962,0.0021917425419280814,0.0005581914596706671,0.7543125980135912,0.7543125980135912,0.17798169463734495,28.384285944710562,124
300.0,2910.7985388888887,1565064.7675,1800,0.0,0.9794444444444445,0.9794444444444445,72291.72945205479,146,0.046190886762809184,0.029021898423954993,0.013170031772061084,0.0,0.3143191892410947,0.009397688487307402,0.0011562537378892387,0.9794444444444445,0.9794444444444445,0.27769756616768615,44.383896637418005,76
301.0,15995.711065032989,25189418.422163587,1061,0.0,0.9764373232799246,0.9764373232799246,68077.96695535314,6697,0.0027026414748604483,0.1609939696499686,0.007759996486039327,0.0,0.01830808882155512,0.00884222956370067,0.053395000199354094,0.9764373232799246,0.9764373232799246,0.257686640005953,41.17310357835292,87
303.0,9121.11913153457,26080958.956356738,1186,0.0,0.9291736930860034,0.9291736930860034,1112418.4912299465,374,0.042652514928283175,0.09165807348064325,0.008675090411279814,0.0,0.2902345812396355,0.1465073836739584,0.0029743630636736972,0.9291736930860034,0.9291736930860034,0.2883403292590214,46.09154922614625,67
304.0,6200.414545454545,8800742.6671875,1309,0.0,0.9663865546218487,0.9663865546218487,909095.4086021504,93,0.10329757873634939,0.06220037302646349,0.009575542833716453,0.0,0.703026864625085,0.11970529867053423,0.0007336230612814482,0.9663865546218487,0.9663865546218487,0.3514812417454726,56.22263470994648,41
305.0,11735.13767955801,22808027.33582089,543,0.0,0.9558011049723756,0.9558011049723756,117797.539098916,2952,0.005164740350600615,0.11802259378726308,0.00396784725984275,0.0,0.03506683805882365,0.015396272428401341,0.023531757106973406,0.9558011049723756,0.9558011049723756,0.2456825114343649,39.24701718003893,97
306.0,1871.2104946996465,1307867.884375,566,0.0,0.9346289752650176,0.9346289752650176,40784.0,4,0.031183577857705206,0.01853680063370753,0.004136224542086999,0.0,0.21216905662659663,0.005244333973276358,2.3922491128742874e-05,0.9346289752650176,0.9346289752650176,0.2485737162753383,39.71091676972833,95
307.0,20848.131277139208,5388478.030552291,2349,0.8250319284802043,0.998297147722435,0.998297147722435,190165.98929638852,1606,0.03529122476108481,0.209934606018085,0.0171891242917173,0.8256277832966601,0.24012854480445736,0.024935894436343312,0.012798532753877438,0.998297147722435,0.998297147722435,0.37705201454528986,60.32551626360429,32
308.0,7968.642452830189,26610478.29032258,106,0.0,1.0,1.0,83182.65020945581,14848,0.003125935930272505,0.08003440125322839,0.0007686788972020088,0.0,0.021189323893661724,0.010833331603341458,0.11839240859614848,1.0,1.0,0.25837820125969146,41.28406596237631,86
309.0,6991.28256,31786954.95,125,0.0,1.0,1.0,214932.01433003845,7284,0.006761642147482216,0.07017692539067906,0.0009077731738385628,0.0,0.045936457079480145,0.02820055627193006,0.05807583429687812,1.0,1.0,0.25544719557297885,40.81378024751652,90
310.0,1970.1133632287,2702755.225490196,223,0.0,0.9103139013452914,0.9103139013452914,105212.5785,20,0.038927897542374634,0.019534317153890157,0.0016252068112271043,0.0,0.26488225709447016,0.013737320678420458,0.00015150911048203818,0.9103139013452914,0.9103139013452914,0.2518880570041703,40.242709357512716,91
311.0,1301.7869654427643,2236223.256038647,926,0.0,0.9859611231101512,0.9859611231101512,62000.0,1,0.027725317600814942,0.012793697467315778,0.006771695046779601,0.0,0.18862974347654582,0.008041030875976721,0.0,0.9859611231101512,0.9859611231101512,0.25649885997757144,40.98252190112318,88
312.0,6960.17904040404,2309479.8444830584,1980,0.5207070707070707,0.9813131313131314,0.9813131313131314,527796.8071428571,21,0.14692716065679484,0.06986322089358776,0.014487767024407386,0.521083135929922,1.0,0.06944244904265029,0.00015948327419161915,0.9813131313131314,0.9813131313131314,0.44290959630252696,70.89249675635695,21
313.0,4271.077,9955561.369863013,240,0.0,0.9708333333333332,0.9708333333333332,175238.30096918083,2466,0.017602051201216398,0.04274142200489474,0.0017496595850598105,0.0,0.1197237849366247,0.022968123899523078,0.019656313544117062,0.9708333333333332,0.9708333333333332,0.2506650682610584,40.04647837170219,92
314.0,4443.58655319149,8395621.178181818,705,0.0,0.9829787234042552,0.9829787234042552,570129.6504891304,368,0.06790797707390121,0.04448132229046921,0.00515380898695442,0.0,0.4621407386812214,0.07502277200027765,0.0029265180814162114,0.9829787234042552,0.9829787234042552,0.31031636458055867,49.617647973694154,58
315.0,4917.171658767772,8933059.17832957,1055,0.0,0.9563981042654028,0.9563981042654028,3356090.503465347,808,0.14692716065679484,0.049257816375532074,0.007716071977627783,0.0,1.0,0.442268628361658,0.006435150113631834,0.9563981042654028,0.9563981042654028,0.43178219095965653,69.10708235067021,22
316.0,1389.86376344086,3600818.5249221185,2325,0.0,0.9410752688172044,0.9410752688172044,34271.95839586028,1546,0.009517824394274784,0.013682024189832219,0.017013426258071125,0.0,0.06469694130752406,0.004385915487956154,0.01232008293130258,0.9410752688172044,0.9410752688172044,0.2301013259228536,36.74698485329764,112
317.0,19285.56417644966,7042440.446242775,5622,0.5565635005336179,0.9222696549270722,0.9222696549270722,194108.44374701672,1676,0.02756266740609441,0.1941748356493033,0.0411499436302142,0.5569654619983909,0.18752263366321842,0.025455589484943857,0.013356724213548105,0.9222696549270722,0.9222696549270722,0.32838879229214407,52.517405085775174,48
318.0,5686.818316498317,7108530.594104309,1188,0.0,0.9831649831649832,0.9831649831649832,536850.2868637532,389,0.07552197739839615,0.057020333956748964,0.008689731914083662,0.0,0.5139668953754086,0.07063588035364628,0.0030939755193174117,0.9831649831649832,0.9831649831649832,0.32008171931828466,51.18451864013828,52
319.0,4958.978177339901,8478548.412280701,203,0.0,0.8472906403940886,0.8472906403940886,51243.50827611395,6845,0.006043901123674733,0.0496794693927524,0.0014787917831886265,0.0,0.04105101484407278,0.006623108219108593,0.05457517642837208,0.8472906403940886,0.8472906403940886,0.21393272502285038,34.152700554562934,118
320.0,7732.204000000001,58906118.526315786,70,0.0,0.9714285714285714,0.9714285714285714,77420.49567640857,9957,0.0013143031252656997,0.07764972559910163,0.0005051318467327486,0.0,0.008858096992795971,0.010073763365433554,0.07939077389258802,0.9714285714285714,0.9714285714285714,0.24479953457624717,39.10534178008763,99
321.0,12121.646304347823,19848066.227272727,46,0.0,0.9782608695652174,0.9782608695652174,64754.22520216757,2399,0.003262495422006927,0.12192085016905496,0.00032943381308657524,0.0,0.02211884232222525,0.008404093333190208,0.019122044575575137,0.9782608695652174,0.9782608695652174,0.24753763599968126,39.544675620726665,96
322.0,15448.44188854489,6411468.634831461,323,0.6037151702786377,0.9628482972136224,0.9628482972136224,59816.01670339761,3267,0.009329534325167919,0.15547431129573944,0.0023572819514194932,0.6041511856370259,0.06341530876095085,0.007753137808425947,0.026043618675491407,0.9628482972136224,0.9628482972136224,0.31133511154587135,49.78110795844112,57
323.0,16392.61358056266,10133289.364197532,391,0.5370843989769821,0.9820971867007672,0.9820971867007672,77209.09885931559,789,0.007619352027201276,0.1649970569418866,0.002855093046750318,0.5374722922389595,0.051774624236036064,0.010045896999313427,0.006283641003149795,0.9820971867007672,0.9820971867007672,0.3072778864721962,49.130118094187246,60
325.0,21158.73376344086,24128535.85714286,93,0.0,0.956989247311828,0.956989247311828,191792.0424108879,1543,0.007948764216213766,0.21306728675731637,0.0006735091289769982,0.0,0.054016831616801965,0.025150241047813274,0.012296160440173837,0.956989247311828,0.956989247311828,0.2625956467800499,41.96076351721747,83
326.0,21189.537146341463,12835046.619607843,410,0.6707317073170732,0.9878048780487804,0.9878048780487804,319522.0200690817,11870,0.0248944962600256,0.21337796412975107,0.002994187323386872,0.6712161233797226,0.1693612139088472,0.04198762947629447,0.0946453490690164,0.9878048780487804,0.9878048780487804,0.3604814122071059,57.666730031425196,37
328.0,4439.496745886655,2986431.3382899626,547,0.0,0.9689213893967094,0.9689213893967094,100019.91577854673,289,0.03349144997782482,0.04444007323054191,0.003997130265450445,0.0,0.22787803180783936,0.013052822952654242,0.002296559148359316,0.9689213893967094,0.9689213893967094,0.26387532000805475,42.166089641812675,82
329.0,38942.78438381082,9781252.037477693,2199,0.948613005911778,0.6607548885857207,0.6607548885857207,433620.1806647673,10530,0.04433176642451447,0.3924340185156765,0.016091011581428716,0.9492981134924825,0.3016647293173353,0.0570280693491151,0.08395996969817791,0.6607548885857207,0.6607548885857207,0.36092155916184887,57.7373524891683,36
330.0,19224.21613752663,2666576.1629184694,136599,0.967730364058302,0.8972027613672136,0.8972027613672136,387757.39046676975,3235,0.14541395661558137,0.193556090377132,1.0,0.9684292785833639,0.9897000858408278,0.05098242816812262,0.025788445436784817,0.8972027613672136,0.8972027613672136,0.6168991794398067,98.80947278093991,2
331.0,32743.282397345494,4606174.077294686,2411,0.997096640398175,0.8245541269182912,0.8245541269182912,3377153.586597938,97,0.14692716065679484,0.3299069579725586,0.01764301087863658,0.9978167638444851,1.0,0.44504516773563224,0.000765519716119772,0.8245541269182912,0.8245541269182912,0.5360538585467971,85.8376796173854,6
332.0,40588.45818235995,3959062.3584237327,5034,0.9944378228049264,0.8972983710766785,0.8972983710766785,1822537.707196018,4219,0.14692716065679484,0.4090319880720623,0.036845341805882954,0.995156025999166,1.0,0.24011542533309876,0.03363502252701248,0.8972983710766785,0.8972983710766785,0.5460961100302975,87.44897891957703,4
333.0,27886.86186173185,3474107.733143061,14320,0.9863128491620112,0.3615223463687151,0.3615223463687151,332788.1439157052,8494,0.09579096835164301,0.28092597506198,0.10482583932414823,0.9870251843352547,0.651931678197468,0.04373637228703595,0.06772457238547108,0.3615223463687151,0.3615223463687151,0.34104065068839584,54.547421027797974,44
334.0,17975.685353934845,3755442.469200199,14918,0.8683469633999196,0.9049470438396569,0.9049470438396569,146570.53412224937,2045,0.03902883224129504,0.18096363374657928,0.10920364866249872,0.8689741012143913,0.26556928852331063,0.019189133762449673,0.016299190622383476,0.9049470438396569,0.9049470438396569,0.37151695334274626,59.43740464163386,34
335.0,15936.273004070785,5290703.262514996,12037,0.4740383816565589,0.8020270831602558,0.8020270831602558,428826.6275862069,145,0.08105285938534365,0.16039448807153486,0.08811256387355598,0.4743807418042629,0.5516139067093111,0.05639618232763415,0.001148279574179658,0.8020270831602558,0.8020270831602558,0.3522749002441574,56.34997880078214,40
336.0,1675.3291637630664,12958319.608695652,287,0.0,0.3937282229965156,0.3937282229965156,122661.51272727273,11,0.009465850236087786,0.016561176806910233,0.002093734900950233,0.0,0.06434316920988148,0.016037442299312046,7.974163709580959e-05,0.3937282229965156,0.3937282229965156,0.10398102864720404,16.51073132724856,137
337.0,5596.53438984439,3589503.395231214,3663,0.0,0.941850941850942,0.941850941850942,52066.36377532229,543,0.014505171897732245,0.05610974653210018,0.026808591633845295,0.0,0.09864428070689492,0.006731577177725011,0.004321996730592879,0.941850941850942,0.941850941850942,0.24250015630492774,38.73640194521704,103
338.0,2672.388650190114,5374823.424164524,1052,0.0,0.8498098859315589,0.8498098859315589,63821.5019590757,12853,0.011874157888079136,0.02661733922270121,0.007694109723422012,0.0,0.0807357781435031,0.008281141588986227,0.10248395199553448,0.8498098859315589,0.8498098859315589,0.22387950301246046,35.7486809440251,116
339.0,29892.849245994345,7662445.268199233,1061,0.0,0.9868049010367578,0.9868049010367578,32409.173990438267,85131,0.004229612461304381,0.30115800255359887,0.007759996486039327,0.0,0.028701710339580234,0.004140362915508837,0.678840556596627,0.9868049010367578,0.9868049010367578,0.35809633286294845,57.284039288295844,39
341.0,72010.05446180556,19284317.09806452,1152,0.7560763888888888,1.0,1.0,318794.42446816975,47769,0.01653127890643147,0.7259445493093382,0.008426184863614402,0.7566224426140553,0.11243536749923785,0.041891717694455814,0.3809098520792632,1.0,1.0,0.47548154614746024,76.1187311463633,17
342.0,9189.753295454546,11265863.44,88,0.0,0.9431818181818182,0.9431818181818182,47434.02339099878,7399,0.004210420589919629,0.09235030529734721,0.0006369053719673788,0.0,0.028571077178134077,0.006120941242341745,0.05899286312347993,0.9431818181818182,0.9431818181818182,0.24066035879933886,38.44120276186657,106
343.0,7145.285031876687,619355.4198683725,58193,0.207516367948035,0.9995360266698744,0.9995360266698744,399533.7384177436,2863,0.14692716065679484,0.07173016658712453,0.4260091655807552,0.2076662404839537,1.0,0.052534788454680424,0.022822056536820703,0.9995360266698744,0.9995360266698744,0.4756557084694226,76.1466758386773,16
344.0,6116.650402684564,9761156.94488189,149,0.0,0.953020134228188,0.953020134228188,86865.2375,4,0.008899071902080873,0.061355542967895,0.0010834712074847361,0.0,0.060485283539110764,0.011318770916566792,2.3922491128742874e-05,0.953020134228188,0.953020134228188,0.23657883434275462,37.786314013105624,110
345.0,2922.785873605948,1725837.5175097275,269,0.0,0.0,0.0520446096654275,106558.2715652174,115,0.06174293378380957,0.029142800523065625,0.001961961375715603,0.0,0.42017718654544833,0.013914710178207355,0.0009090546628922292,0.0,0.0520446096654275,0.07645158362301208,12.093576904250392,141
347.0,13156.744727272726,28545780.71794872,110,0.0,0.9545454545454546,0.9545454545454546,52725.9566772152,25912,0.0018470665489300393,0.1323606664477836,0.0007979619028097044,0.0,0.012484453638320705,0.006818524831654454,0.20661855587895223,0.9545454545454546,0.9545454545454546,0.2648683533614091,42.3254238261778,81
348.0,8568.675839053254,1037208.1543046356,4225,0.8911242603550296,0.9907692307692308,0.9907692307692308,135110.4326490066,151,0.13026356579271905,0.08608622992433314,0.030922853921726525,0.8917678483960054,0.8865760386513603,0.017678461142971454,0.0011961245564371436,0.9907692307692308,0.9907692307692308,0.46012228194791266,73.65430653724351,19
350.0,11193.785769467466,1798966.613012035,97496,0.8258595224419464,0.9839788299007138,0.9839788299007138,217801.8766820825,50381,0.12107054967374507,0.11256261591625617,0.71373665793057,0.826455974963571,0.8240020074497346,0.028578862038857754,0.4017383676886887,0.9839788299007138,0.9839788299007138,0.5901550347143567,94.51832135890751,3
351.0,11862.579225856052,2243816.945065883,33818,0.7238748595422556,0.9832929209296823,0.9832929209296823,445176.0910054945,3640,0.14692716065679484,0.1193079462717825,0.2475658501588603,0.7243976566688638,1.0,0.058551371510587334,0.029017981739165106,0.9832929209296823,0.9832929209296823,0.5032955559712728,80.58154455965965,9
352.0,6967.355518525415,4049802.728139174,32226,0.0002482467572767,0.9932663067088686,0.9932663067088686,48000.0,1,0.011852429173026733,0.06993560155948016,0.23591121392699746,0.0002484260461270907,0.08058787746802686,0.006195548379850916,0.0,0.9932663067088686,0.9932663067088686,0.2814922009025249,44.99275335748359,72
355.0,15209.051578947368,39957027.14444444,722,0.556786703601108,0.9903047091412742,0.9833795013850416,66267.42446668237,12741,0.0016584673386016925,0.1530598637458687,0.005278261760787127,0.55718882626767,0.011200716862603502,0.008603563530033958,0.10159084566006141,0.9903047091412742,0.9833795013850416,0.3138479904261794,50.184304392326986,56
356.0,39906.49323699422,21301759.975,173,0.0,0.9884393063583816,0.9884393063583816,78074.75424495069,25548,0.0036651785738164426,0.40215381245081705,0.0012591692411309096,0.0,0.024859782594666525,0.010160007846589613,0.20371596028866476,0.9884393063583816,0.9884393063583816,0.31544039112246625,50.43980826364033,55
357.0,3767.449498746867,4046642.7196969697,399,0.0,0.8621553884711779,0.8621553884711779,69659.15752449325,11840,0.017214061717242393,0.03766192572748678,0.0029136590579657094,0.0,0.11708285993857284,0.009050662386442617,0.09440612415772896,0.8621553884711779,0.8621553884711779,0.23232811981217166,37.10427837914471,111
358.0,2272.904054794521,2314852.024038461,365,0.0,0.9835616438356164,0.9835616438356164,113253.21739130437,69,0.04892460348015,0.022588209538272334,0.002664753510300297,0.0,0.3329267575248302,0.0147972391306755,0.0005422431322515052,0.9835616438356164,0.9835616438356164,0.27962534799789984,44.69321308133545,74
359.0,1544.813906447535,3045634.409961686,791,0.0,0.968394437420986,0.968394437420986,10000.0,2,0.0032833881726880673,0.015244823426624969,0.005783393607519875,0.0,0.02226105284552795,0.001186381604652303,7.974163709580958e-06,0.968394437420986,0.968394437420986,0.22670576837349837,36.20216086449224,115
360.0,6051.754230769231,18389287.39285714,78,0.0,0.9615384615384616,0.9615384615384616,131598.35656716418,67,0.0071562510148316175,0.060701011865360394,0.0005636978579481398,0.0,0.04862243818278702,0.017215498647678434,0.0005262948048323432,0.9615384615384616,0.9615384615384616,0.23732301593787902,37.905719435973,109
361.0,12977.739769585254,20645123.40909091,217,0.0,0.9447004608294932,0.9447004608294932,100517.07063559322,3068,0.0048688045425454496,0.13055525468224527,0.0015812823028155609,0.0,0.03305249409953242,0.013118357994550188,0.0244567600972848,0.9447004608294932,0.9447004608294932,0.24426389220788175,39.01939689255025,100
362.0,29254.82259574468,9560420.274766356,1175,0.0,0.9736170212765958,0.9736170212765958,38675.30464237716,54317,0.004045356117288718,0.2947229806638762,0.008594562145858652,0.0,0.0274475341181618,0.004966365375265309,0.4331246760495993,0.9736170212765958,0.9736170212765958,0.32436424026789334,51.871657677540696,50
363.0,7439.900634920635,18548034.92857143,126,0.0,0.9603174603174603,0.9603174603174603,85896.26234544934,6988,0.004631016853064826,0.07470160650095851,0.0009150939252404867,0.0,0.03143394648595729,0.011191040438930789,0.05571548183884215,0.9603174603174603,0.9603174603174603,0.24256977966940016,38.74757315306569,102
364.0,27016.15575797483,4621199.759019803,13668,0.922739244951712,0.6538630377524144,0.6538630377524144,196172.2855431404,11903,0.042450509775139054,0.2721441901083279,0.10005270941009385,0.923405665976714,0.2888595943373891,0.025727645478480936,0.09490849647143257,0.6538630377524144,0.6538630377524144,0.3458178928317246,55.313939068557396,43
365.0,5829.685135135135,7005949.571428572,111,0.0,0.8378378378378378,0.8378378378378378,169229.3478118393,946,0.0241550907677076,0.058461262960080126,0.0008052826542116283,0.0,0.16432830830439976,0.022176022622957817,0.0075355847055540055,0.8378378378378378,0.8378378378378378,0.22788490428376312,36.39135557571017,114
366.0,18173.92203142288,2582952.843281388,4519,0.9918123478645718,0.992476211551228,0.992476211551228,174564.44166666668,24,0.06758328636186006,0.18296301317451108,0.033075154833892145,0.9925286548874819,0.4599306689409751,0.02287929564612012,0.00018340576532036203,0.992476211551228,0.992476211551228,0.42050651406885947,67.2978774790604,26
367.0,30718.180141129036,10371944.724050634,992,0.0,0.972782258064516,0.972782258064516,51907.32416064257,26145,0.005004589355386654,0.30948214132488355,0.007254864639306578,0.0,0.03397673952730838,0.00671061254736201,0.2084765360232846,0.972782258064516,0.972782258064516,0.30019869166376656,47.99424715193462,62
368.0,17851.79395589559,15966315.723313408,2222,0.2425742574257425,0.96984698469847,0.96984698469847,141294.07767449555,36276,0.008849510439542624,0.17971408741803804,0.016259388863672966,0.24274944948152338,0.06014793391814516,0.018493590332742543,0.2892627885650493,0.96984698469847,0.96984698469847,0.31835162441944564,50.90692145908731,54
369.0,2168.773995336184,4482064.05472103,2573,0.0,0.9673532841041586,0.9673532841041586,92873.78994117648,340,0.0207212098727931,0.021537972511762055,0.018828972605748253,0.0,0.14095493796758937,0.012110819370655732,0.0027032414975479446,0.9673532841041586,0.9673532841041586,0.2488363879811099,39.75306296940383,94
370.0,22962.869879071583,3877404.316507504,5127,0.8671737858396723,0.4468500097522918,0.4468500097522918,294259.2748888889,45,0.07589078952538464,0.23126347870569341,0.03752617168626188,0.867800076361481,0.5164772860070624,0.03865748990242787,0.00035086320322156217,0.4468500097522918,0.4468500097522918,0.30358728214549047,48.53795326082723,61
371.0,28920.72583291394,11250262.02736602,1987,0.8646200301962758,0.9984901862103672,0.9984901862103672,930890.8745687676,37045,0.08274392830179383,0.2913533408827479,0.014539012284220852,0.865244476343888,0.5631244923291547,0.12257838088026977,0.29539492045771704,0.9984901862103672,0.9984901862103672,0.487700537948481,78.07929277886362,14
372.0,5554.773863636364,34256718.5625,88,0.0,0.9545454545454546,0.9545454545454546,338808.7865811966,234,0.009890287242867517,0.055688557385581254,0.0006369053719673788,0.0,0.06723218127748173,0.04453001447664971,0.001857980144332363,0.9545454545454546,0.9545454545454546,0.24127614106254563,38.54000625554897,105
373.0,5214.678,15048651.92857143,70,0.0,0.9714285714285714,0.9714285714285714,313546.5137888199,644,0.02083552169836019,0.05225841175412879,0.0005051318467327486,0.0,0.14173302338016538,0.04119993717302926,0.005127387265260556,0.9714285714285714,0.9714285714285714,0.2558561773469459,40.87940218977567,89
374.0,6158.335012366035,9892788.76627219,1213,0.0,0.9488870568837592,0.9488870568837592,783180.1232375001,1600,0.07916676902145348,0.061775966433999185,0.00887275069913176,0.0,0.5387758701224329,0.10310712330373795,0.012750687771619952,0.9488870568837592,0.9488870568837592,0.3219021433896327,51.47660931728127,51
375.0,30362.95924444444,24964589.66212121,1125,0.352,0.7644444444444445,0.7644444444444445,6144599.993907285,151,0.14692716065679484,0.3058994473340325,0.008228524575762456,0.3522542215496784,1.0,0.8098504465681783,0.0011961245564371436,0.7644444444444445,0.7644444444444445,0.5030547842346037,80.54291225375495,10
376.0,22885.27581938911,3261899.4770035804,3765,0.9383798140770252,0.1120849933598937,0.1120849933598937,55617.261477595006,3526,0.01705057493944776,0.2304808789939513,0.027555308276841533,0.9390575310387343,0.11597005576175212,0.007199657145944842,0.028108927076272876,0.1120849933598937,0.1120849933598937,0.17137266488571457,27.323853924614017,125
378.0,9479.163656716417,20368545.19117647,536,0.0,0.9720149253731344,0.9720149253731344,168092.64137162585,41418,0.008252560003374348,0.09526924607999936,0.003916602000029283,0.0,0.05608467603463927,0.022026181777340146,0.3302659383597146,0.9720149253731344,0.9720149253731344,0.28708105274000156,45.889495794234406,69
384.0,47182.855,1350000.0,4,0.0,0.0,0.0,45126.41463414634,123,0.033426973803071365,0.47554188676426595,2.1962254205771678e-05,0.0,0.22743916233142702,0.005816751844579045,0.0009728479725688769,0.0,0.0,0.10733825681487827,17.049405290229817,136
388.0,19487.87361538461,46252628.61764706,260,0.0,0.9576923076923076,0.9576923076923076,127686.05254633234,19263,0.002760622614594827,0.19621529221570924,0.0018960746130982883,0.0,0.01870274859370069,0.016699778034109308,0.15359834137394843,0.9576923076923076,0.9576923076923076,0.2711214340948645,43.328743115574106,77
390.0,20996.09257117786,3385833.4462254834,94587,0.991711334538573,0.9960248237072749,0.9960248237072749,232412.8202048947,21084,0.06864272088279705,0.2114269169828352,0.6924405921023733,0.9924275686076072,0.46714191364143465,0.030504879219088656,0.16811929348909535,0.9960248237072749,0.9960248237072749,0.5379027997588529,86.134345926696,5
391.0,760.572,16130236.692307692,70,0.0,0.0,0.0,33259.41912280702,57,0.0020619300111490626,0.00733510079536349,0.0005051318467327486,0.0,0.013946963092778512,0.004252442380451887,0.0004465531677365337,0.0,0.0,0.0038630119679927597,0.44659564242965943,161
393.0,2107.5154169797147,4010912.247648903,2662,0.0,0.9594290007513148,0.9594290007513148,3342665.530363637,55,0.14692716065679484,0.02092012952275381,0.01948051948051948,0.0,1.0,0.44049894601378903,0.00043060484031737174,0.9594290007513148,0.9594290007513148,0.42883935437355736,68.63489834438073,23
395.0,24712.8412537092,19199653.791560102,1348,0.0,0.9228486646884272,0.9228486646884272,53166.75529942663,9418,0.0027691517709969326,0.24891337483115242,0.009861052138391484,0.0,0.018760803936139103,0.006876630984626422,0.07509269965312389,0.9228486646884272,0.9228486646884272,0.26157539200525526,41.79706160142844,85
396.0,1705.6774214876034,5689568.704896907,3025,0.0,0.7289256198347107,0.7408264462809917,55000.0,1,0.00966681357633708,0.016867263868784406,0.022137952239417853,0.0,0.06571106481241261,0.007118289627913819,0.0,0.7289256198347107,0.7408264462809917,0.18350094065274167,29.26985998832462,121
397.0,1247.227434514638,9407146.222222222,2596,0.0,0.0,0.0104006163328197,45123.0,40,0.004796672543837714,0.012243419864212351,0.018997349887992503,0.0,0.03256151378585086,0.005816301726897063,0.00031099238467365735,0.0,0.0104006163328197,0.011382557106783152,1.6531216744493422,151
398.0,1078.7436637415235,5225753.53164557,5014,0.0,0.0,0.0,27869.565217391304,23,0.005333118955691598,0.010544122895090836,0.036698926777844476,0.0,0.036212939398394164,0.0035419508776576005,0.00017543160161078106,0.0,0.0,0.012539394299539356,1.838738511918511,149
399.0,808.705016286645,6705610.108695652,307,0.0,0.0,0.0,26262.534137931038,29,0.00391650181150176,0.007820561729168897,0.002240149928988711,0.0,0.02657046251876197,0.0033301117542380238,0.0002232765838682668,0.0,0.0,0.005946949977955416,0.7809676571895439,156
400.0,571.6971428571429,20508563.9,56,0.0,0.0,0.0,40000.0,1,0.001950404728241357,0.005430143001426628,0.00040264132710581414,0.0,0.013187844818414412,0.005140986953493313,0.0,0.0,0.0,0.0034989628147016555,0.388183228876265,162
401.0,966.07,14712304.239520958,606,0.0,0.3333333333333333,0.4900990099009901,34311.20363636364,11,0.0023321434275533196,0.00940771661443119,0.004429054598163955,0.0,0.01578622264920198,0.004391088802556526,7.974163709580959e-05,0.3333333333333333,0.4900990099009901,0.09972262030421636,15.827461205724832,138
402.0,1148.7655792682926,5202555.235294118,1312,0.0,0.6737804878048781,0.6737804878048781,140000.0,1,0.026909853652343843,0.011250351324575327,0.009597505087922224,0.0,0.18307913137111131,0.018323004782963347,0.0,0.6737804878048781,0.6737804878048781,0.1861055110315916,29.687768506234697,120
404.0,1151.72272,800000000.0,250,0.0,0.004,0.004,330688.7833333333,3,0.0004133609791666667,0.011280176513432378,0.0018228670990790494,0.0,0.0027256611054593087,0.04345963420076283,1.5948327419161916e-05,0.004,0.004,0.00854952788342552,1.1985564787673952,154
405.0,26166.561361919343,3344425.548157324,9795,0.968044920877999,0.1623277182235834,0.1623277182235834,27200.0,12,0.00813293631696671,0.2635753340364641,0.07169943923044261,0.9687440625823851,0.05527043442026032,0.0034536886713211487,8.771580080539054e-05,0.1623277182235834,0.1623277182235834,0.18347672761009548,29.265974957285135,122
409.0,12842.429411029412,1198800.6818485153,27200,0.9647794117647058,0.9839338235294116,0.9839338235294116,71284.11386524823,3948,0.05946285729111384,0.1291905387744186,0.19911711738092797,0.9654761950520827,0.40465740764485836,0.009264864421002043,0.03147402416171604,0.9839338235294116,0.9839338235294116,0.4243683204929779,67.91751203079464,25
410.0,22299.989186454583,6545986.048816006,43882,0.7740075657444966,0.974294699421175,0.974294699421175,286140.08491573035,356,0.043712296784910724,0.22457778342071474,0.32124189226782235,0.7745665697297989,0.2974481901472342,0.03758721683255757,0.00283082811690124,0.974294699421175,0.974294699421175,0.4196454702330603,67.15972127633444,27
414.0,16109.596654507191,1710164.6223160543,14255,0.8051911609961417,0.980287618379516,0.980287618379516,688549.8380407802,1128,0.14692716065679484,0.16214259919530763,0.10434999048302318,0.805772686407323,1.0,0.09063294223702799,0.00898688250069774,0.980287618379516,0.980287618379516,0.49843158936876925,79.8011114062603,11
416.0,4305.57,4810326.333333333,1,0.0,0.0,0.0,87889.9316716418,335,0.01827109546863906,0.04308931219091651,0.0,0.0,0.12427776333970475,0.011453846284970154,0.0026633706790000398,0.0,0.0,0.027069825621484456,4.170175230871576,145
430.0,17353.062,46543502.72727273,35,0.0,1.0,1.0,91465.32847794754,10407,0.001965157822648194,0.1746839667294485,0.00024890554766541237,0.0,0.013288264591183934,0.011925155729451678,0.08297914756189945,1.0,1.0,0.2672908619616079,42.71412016817509,79
431.0,100.0,1133746.0,1,0.0,1.0,1.0,601846.152299421,1209,0.14692716065679484,0.0006726905683384686,0.0,0.0,1.0,0.07920364692379435,0.009632789761173797,1.0,1.0,0.3896578545327747,62.34814846005411,30
435.0,10870.740585106383,1908151.1034619035,47000,0.7112340425531914,0.8535106382978723,0.853404255319149,64218.78376656151,1585,0.03365497818807495,0.1093044403652512,0.3440679951390211,0.711747710225015,0.2289911180026321,0.008333511347682246,0.012631075315976237,0.8535106382978723,0.853404255319149,0.3593875606852679,57.49121937062023,38
437.0,37882.06960591133,3146128.843230404,1218,0.8448275862068966,0.9983579638752051,0.9983579638752051,283616.2425126804,2563,0.090147688364049,0.381735840294023,0.00890935445614138,0.8454377378494438,0.6135196082681673,0.0372545234769998,0.020429807423946414,0.9983579638752051,0.9983579638752051,0.462760745578174,74.07765329501822,18
438.0,34017.22042682926,16443479.365384616,328,0.0,0.0,0.0,91623.08436363636,110,0.005572001054503909,0.3427556675094883,0.002393885708429113,0.0,0.03783893631944162,0.011945951138430217,0.0008691838443443244,0.0,0.0,0.05954563772011149,9.38098412752198,142
441.0,12463.71227665255,1284648.6390857017,108620,0.8962621984901491,0.98972564905174,0.98972564905174,98480.28834059408,2525,0.07665931784326925,0.125370865961732,0.7951726965255713,0.8969094972544058,0.5217084217214217,0.012849868989275912,0.02012678920298234,0.98972564905174,0.98972564905174,0.5169470019757921,82.77194632933545,7
442.0,12088.469649525754,1459182.410784003,23511,0.6734719918336098,0.996767470545702,0.996767470545702,1771914.8993055555,72,0.14692716065679484,0.1215862364034321,0.17211086545923074,0.6739583869853967,1.0,0.23344231777119964,0.000566165623380248,0.996767470545702,0.996767470545702,0.5095786424306356,81.58967832769112,8
443.0,17886.95727798089,2756775.17984159,8479,0.9534143177261468,1.0,1.0,192859.3690577309,22934,0.069958323213289,0.18006873835189124,0.062065330385510764,0.954102892911766,0.4760968137755946,0.025290936236698803,0.18287149635182012,1.0,1.0,0.44712364110489705,71.56864865920657,20
444.0,12232.600215600278,1723632.895449828,24397,0.9155633889412632,0.9948354305857278,0.9948354305857278,112258.63992218816,4241,0.06512908880918711,0.12303991133582676,0.17859705120133532,0.9162246274173015,0.44322570157787533,0.01466613375136871,0.03381045412862326,0.9948354305857278,0.9948354305857278,0.4254200229739197,68.08625979382755,24
445.0,12051.038957474228,1984975.619255456,46560,0.6159579037800688,0.817676116838488,0.817676116838488,119828.54732132744,8829,0.06036776782491359,0.12120871718443899,0.34084686452217455,0.616402761089261,0.410816855125843,0.01566400029439762,0.0703959172281807,0.817676116838488,0.817676116838488,0.3793926539863015,60.70107653553942,31
447.0,21391.920003780328,2534248.566418704,29098,0.9992783009141522,0.790879098219809,0.790879098219809,105347.057,10,0.04156934658894653,0.21541916118196527,0.2130119035417795,0.9999999999999999,0.2828617877423661,0.013755047658267261,7.176747338622862e-05,0.790879098219809,0.790879098219809,0.3768745093252983,60.297035196626666,33
452.0,14269.965120715851,1386082.8155945418,5923,0.9150768191794698,0.7386459564409927,0.129495188249198,361022.9457904412,2176,0.14692716065679484,0.14358840685187022,0.04335348980219329,0.9157377062449431,1.0,0.047458288904279194,0.017343806068338585,0.7386459564409927,0.129495188249198,0.364324116288933,58.28329957419657,35
453.0,9860.907728161668,3766479.726866883,3068,0.5521512385919165,0.1121251629726206,0.0,31566.03582674367,22510,0.008380779432205157,0.09911944803482489,0.02245274454970058,0.5525500134314952,0.05695742622200749,0.0040292202924435494,0.1794904509389578,0.1121251629726206,0.0,0.11107843992066901,17.64952513768946,134
454.0,917.6196402877698,28727387.16455696,278,0.0,0.0,0.0,25298.77471263231,10109,0.0008806500419865968,0.008919055011986938,0.002027848138332918,0.0,0.005906353929082482,0.0032030688149619468,0.08060284677644432,0.0,0.0,0.012681091627074856,1.8614741310528753,148
455.0,1090.0721316165952,19724118.43207547,699,0.0,0.0,0.0,200128.91934131735,167,0.010146406290882263,0.010658379781891068,0.0051098844785428775,0.0,0.0689755048063862,0.026249209651203458,0.001323711175790439,0.0,0.0,0.016104714739478936,2.4108012954888136,147
458.0,6584.703670714026,2547645.4416351607,11036,0.3781261326567597,0.906759695541863,0.9028633562885104,89818.66285157578,50039,0.03525555847909797,0.06607624393571072,0.08078449172023017,0.37839922303010604,0.23988577540070485,0.011708091972991597,0.399011203700012,0.906759695541863,0.9028633562885104,0.34716750062896995,55.53048633442768,42
459.0,13283.518788130892,3601664.617348091,14424,0.4733083749306711,0.0316833056017748,0.0205906821963394,65299.04725426945,5270,0.018130240927971022,0.13363928679436646,0.10558719746994832,0.47365020785269,0.12331900983502406,0.008475911873237162,0.04201586858578207,0.0316833056017748,0.0205906821963394,0.1083668459256799,17.214444466872596,135
462.0,12865.339728757996,2179427.3335444755,37826,0.6284566171416486,0.0282609845080103,0.0267540844921482,217719.9612561909,2221,0.09989778411290531,0.12942160811302109,0.2769074217777713,0.6289105012754992,0.6798855090467536,0.028568063932811638,0.017702643435269727,0.0282609845080103,0.0267540844921482,0.22940494244982715,36.635248734560825,113
463.0,10254.074885467518,3059036.9283403046,18641,0.1066466391288021,0.0,0.0,191564.14895238096,105,0.06262237215172,0.10308486117641256,0.13645880613186137,0.10672366149774334,0.4261632528333072,0.025120200091480693,0.0008293130257964196,0.0,0.0,0.11164467377588828,17.740378490375473,133
464.0,99182.40665940792,1605296.799041182,16991,0.703372373609558,0.0,0.0,17269.332498453925,1617,0.01075771938794659,0.9999999999999999,0.12437956631868695,0.7038803634243875,0.0731365249019253,0.0021446263106819586,0.012886248554682827,0.0,0.0,0.24536834129328297,39.196607953589414,98
465.0,16769.13217229405,3704293.467244601,23901,0.6064181415003557,0.0410861470231371,0.0,68075.18990407675,417,0.018377374931558475,0.168794555649395,0.17496595850598104,0.6068561089994617,0.12500117493202054,0.008841863492306283,0.0033172521031856785,0.0410861470231371,0.0,0.1293736900044038,20.585034544297944,131
466.0,17692.34550676338,3145283.949613978,5101,0.8949225642030975,0.0,0.0,117644.77714285711,7,0.03740354735135939,0.17810591907578055,0.03733583214981186,0.895568895456262,0.254506474524273,0.015376135320117014,4.7844982257485755e-05,0.0,0.0,0.15392350970462745,24.52410213455836,127
467.0,10610.643636708694,1904547.43963964,60596,0.5423295267014324,0.0,0.0,96792.6146969697,528,0.05082184496033549,0.1066811493855809,0.44360093119957833,0.5427212081011893,0.34584069632812636,0.012627399548670079,0.004202384274949165,0.0,0.0,0.18043321753226316,28.7776376882293,123
470.0,295.38,14000000.0,1,0.0,0.0,0.0,20971.787272727277,11,0.0014979848051948055,0.0026432580615960524,0.0,0.0,0.010108361652653185,0.002632684559154737,7.974163709580959e-05,0.0,0.0,0.0022608425259469205,0.18952435635374246,163
471.0,485.47,12143774.5,10,0.0,0.0,0.0,212680.35348387095,155,0.017513529544201514,0.0045604715675502654,6.588676261731504e-05,0.0,0.11912124526342252,0.027903741937729064,0.0012280212112754675,0.0,0.0,0.022279761429777577,3.4015998668477154,146
477.0,88.61999999999999,836853.8909090909,60,0.0,0.1666666666666666,0.1166666666666666,51880.61743589744,39,0.06199483326717702,0.000557913937806831,0.0004319243327135097,0.0,0.42189178879653927,0.006707092062144439,0.0003030182209640764,0.1666666666666666,0.1166666666666666,0.0967343216454962,15.347982719107842,139
478.0,12519.968176605504,1719963.0322580645,3488,0.9690366972477064,0.9730504587155964,0.8893348623853211,966975.281541502,506,0.14692716065679484,0.12593825283731416,0.025527460138508616,0.9697365552331313,1.0,0.12733503384107417,0.0040269526733383845,0.9730504587155964,0.8893348623853211,0.4891587424731144,78.31326460648165,13
482.0,17754.397816345703,3551032.75953955,42580,0.6698215124471583,0.7582433067167684,0.7581963363081259,2665080.594590818,501,0.14692716065679484,0.17873176749498662,0.31171027394251744,0.6703052711485852,1.0,0.3511795789704129,0.00398708185479048,0.7582433067167684,0.7581963363081259,0.4974113468395159,79.63741145529282,12
483.0,8807.024878010636,2039140.9996100604,6394,0.8328120112605568,0.9178917735376916,0.9178917735376916,166061.8302247191,267,0.08143714939598325,0.08849017540605389,0.046801563712499446,0.8334134850108224,0.5542296505310372,0.02175847988987203,0.002121127546748535,0.9178917735376916,0.9178917735376916,0.39103495008191935,62.569106190602255,29
484.0,10865.578497824512,1233345.1785483423,27580,0.9026831036983322,3.625815808556925e-05,0.0919506889050036,285211.09778880223,15521,0.14692716065679484,0.10925237648258658,0.20189900291365906,0.9033350397707489,1.0,0.037464757583852426,0.12375902077269647,3.625815808556925e-05,0.0919506889050036,0.30841325113442897,49.31228962125908,59
485.0,11613.504423676011,2005605.2344999043,33705,0.7219106957424715,0.8886812045690551,0.8865746921821688,369538.5226777778,1800,0.14692716065679484,0.11679582267384232,0.24673860525044292,0.7224320743100882,1.0,0.04858081376785013,0.014345520513536143,0.8886812045690551,0.8865746921821688,0.477878405508254,76.50331201668347,15
489.0,311.044,8471043.71875,45,0.0,0.0,0.0,29218.7740625,32,0.003449253130145758,0.0028012423446055045,0.0003221130616846513,0.0,0.023390044559334737,0.0037198038281766157,0.0002471990749970097,0.0,0.0,0.004493150148787171,0.5477025717538823,158
492.0,5014.748095238096,361187123.5,63,0.0,0.0,0.3968253968253968,1444214.6371219512,1230,0.0039985219382328045,0.05024195474085265,0.00045388658691928143,0.0,0.027128748276429332,0.19024481078293687,0.009800247199074998,0.0,0.3968253968253968,0.08413266133203579,13.326021159700927,140
493.0,62.09,4810326.333333333,1,0.0,0.0,0.0,1091305.0793650793,63,0.14692716065679484,0.00029033713569748693,0.0,0.0,1.0,0.14372420995752216,0.0004943981499940194,0.0,0.0,0.16904018539722884,26.9496029333549,126
497.0,842.2510344827585,6568710.9375,29,0.0,0.0,0.0,53108.5,2,0.008085071866507294,0.008158900827262299,0.000204981039253869,0.0,0.054944635838191654,0.006868951760669393,7.974163709580958e-06,0.0,0.0,0.010422660657619032,1.499104372526999,153
499.0,219.24571428571429,8909821.142857144,7,0.0,0.0,0.0,29000.0,2,0.0032548352581969415,0.0018753813672007374,4.3924508411543356e-05,0.0,0.022066701944893994,0.0036909649922516096,7.974163709580958e-06,0.0,0.0,0.004081934347641526,0.4817221753731697,160
504.0,1217.7347690763054,60320000.0,996,0.0,0.0,0.0,250346.53666666668,18,0.004150307305481875,0.0119459621520499,0.007284147644914273,0.0,0.028161904553245867,0.03286890492056604,0.00013556078306287627,0.0,0.0,0.011070783658882083,1.603097002206244,152
506.0,11483.04955778359,3482121.335053687,20646,0.0,0.0,0.0,15000.0,4,0.004307718932421616,0.1154800783905744,0.15113691269271878,0.0,0.029233357048069224,0.001845482496125805,2.3922491128742874e-05,0.0,0.0,0.042762451644226394,6.688088410156425,143
515.0,739.0374074074075,64175074.92857143,27,0.0,0.0,0.0,1000.0,2,1.55823737037008e-05,0.007117906772722952,0.0001903395364500212,0.0,1.81045704277175e-05,0.0,7.974163709580958e-06,0.0,0.0,0.0011081357965035384,0.004570259970535973,164
518.0,224.88,3869204024.0,4,0.0,0.0,0.0,50000.0,2,1.2922554533143946e-05,0.0019322077582146434,2.1962254205771678e-05,0.0,0.0,0.006459188736440317,7.974163709580958e-06,0.0,0.0,0.0010796521374423873,0.0,165
519.0,205.08,630795976.0,1,0.0,0.0,0.0,1968858.211,10,0.003121228235292357,0.0017325085240734823,0.0,0.0,0.021157280062914213,0.25940342023271,7.176747338622862e-05,0.0,0.0,0.03491968768967647,5.429701273767444,144
522.0,10872.950454545457,2180614.697095436,704,0.6619318181818182,0.9772727272727272,0.0,50000.0,5,0.022929314411482073,0.10932672871042973,0.005146488235552497,0.6624098787857945,0.15598482592951715,0.006459188736440317,3.189665483832383e-05,0.9772727272727272,0.0,0.20555653011020497,32.80872335582998,119
523.0,11562.608638997384,2166677.830457409,23299,0.5148718829134298,0.0,0.0,94177.075,18,0.04346611834770018,0.11628249695559306,0.17055886616202287,0.5152437338451346,0.29577252929645137,0.012282618639478667,0.00013556078306287627,0.0,0.0,0.1340361802489362,21.333140413766944,130
525.0,961.7433333333336,11010000.0,3,0.0,0.0,0.0,25775.366376811595,138,0.0023410868643788914,0.009364078633637382,1.4641502803847785e-05,0.0,0.015847097870971473,0.003265893213107829,0.0010924604282125912,0.0,0.0,0.00435015708639222,0.5247590493740862,159
526.0,21110.72384517601,2196846.037930159,92040,0.9817905258583224,0.9666558018252932,0.9666558018252932,144269.34470296477,125406,0.06567112224163581,0.21258306736798957,0.6737946382816732,0.9824995949178204,0.44691515631997736,0.018885790562909698,1.0,0.9666558018252932,0.9666558018252932,0.6243190136788535,100.0,1
531.0,10616.298500597371,2770199.3956782715,6696,0.053763440860215,0.0,0.0,249250.004,5,0.08997547410805502,0.10673818332435572,0.04901243063588046,0.05380226990922502,0.6123473988334758,0.03272435978894007,3.189665483832383e-05,0.0,0.0,0.12449744497434571,19.802631292680775,132
